,dataset
78068_1,GSE78068
78068_9,GSE78068
78068_18,GSE78068
78068_19,GSE78068
78068_41,GSE78068
R060,GSE93272
R019,GSE93272
R071,GSE93272
R054,GSE93272
R083,GSE93272
R074,GSE93272
R076,GSE93272
R120,GSE93272
R042,GSE93272
R077,GSE93272
58795_Subject 204,GSE58795
58795_Subject 301,GSE58795
58795_Subject 302,GSE58795
58795_Subject 303,GSE58795
58795_Subject 304,GSE58795
58795_Subject 305,GSE58795
58795_Subject 306,GSE58795
58795_Subject 307,GSE58795
58795_Subject 309,GSE58795
58795_Subject 404,GSE58795
58795_Subject 406,GSE58795
58795_Subject 407,GSE58795
58795_Subject 408,GSE58795
58795_Subject 413,GSE58795
58795_Subject 417,GSE58795
58795_Subject 418,GSE58795
58795_Subject 419,GSE58795
58795_Subject 421,GSE58795
58795_Subject 422,GSE58795
58795_Subject 425,GSE58795
58795_Subject 429,GSE58795
58795_Subject 430,GSE58795
58795_Subject 431,GSE58795
58795_Subject 432,GSE58795
58795_Subject 436,GSE58795
58795_Subject 437,GSE58795
58795_Subject 438,GSE58795
58795_Subject 439,GSE58795
58795_Subject 440,GSE58795
58795_Subject 441,GSE58795
58795_Subject 444,GSE58795
58795_Subject 445,GSE58795
58795_Subject 447,GSE58795
78068_23,GSE78068
78068_48,GSE78068
78068_42,GSE78068
78068_85,GSE78068
78068_60,GSE78068
R006,GSE93272
78068_63,GSE78068
58795_Subject 443,GSE58795
R014,GSE93272
78068_6,GSE78068
78068_32,GSE78068
58795_Subject 426,GSE58795
78068_50,GSE78068
R055,GSE93272
78068_24,GSE78068
78068_87,GSE78068
78068_13,GSE78068
R110,GSE93272
78068_14,GSE78068
58795_Subject 423,GSE58795
78068_53,GSE78068
78068_89,GSE78068
78068_2,GSE78068
78068_31,GSE78068
78068_36,GSE78068
78068_74,GSE78068
78068_15,GSE78068
78068_29,GSE78068
78068_51,GSE78068
58795_Subject 410,GSE58795
R010,GSE93272
78068_81,GSE78068
78068_71,GSE78068
78068_20,GSE78068
58795_Subject 416,GSE58795
78068_27,GSE78068
78068_46,GSE78068
78068_93,GSE78068
R008,GSE93272
78068_35,GSE78068
R011,GSE93272
78068_62,GSE78068
78068_12,GSE78068
78068_38,GSE78068
78068_69,GSE78068
78068_30,GSE78068
58795_Subject 433,GSE58795
78068_33,GSE78068
